Lot #,Location,Photo,Description
100,"SOUTH BEND, INDIANA",lot-100.jpg,"2014 Citizen Miyano BNA-42GTY CNC Swiss Lathe, S/N CV420019 - 42mm bar capacity, chucker capable, sliding headstock, non-guide bushing, gang tool and turret configuration, Y-axis gang, Y-axis turret, live tools, sub spindle, Mits control, chip conveyor, part conveyor."
101,"SOUTH BEND, INDIANA",lot-101.jpg,"2004 Citizen Cincom M32 Type III, CNC Swiss Lathe, S/N P14390 - 32mm, sub spindle, CINCOM control, gang and turret configuration, live tools on gang and turret, mist collector, chip conveyor, high pressure coolant."
102,"SOUTH BEND, INDIANA",lot-102.jpg,"1997 Iemca CNC Boss 542 Barloader S/N 97042129 - 12' bars, 5mm-42mm capacity."
103,"SOUTH BEND, INDIANA",lot-103.jpg,"2007 Citizen Cincom M32-V (3M5), CNC Swiss Lathe, S/N P16280 - - 32mm, sub spindle, CINCOM control, gang and turret configuration, live tools on gang and turret, Y-axis turret, chip conveyor, overhead parts grabber system, mist collector, part conveyor, high pressure coolant."
104,"SOUTH BEND, INDIANA",lot-104.jpg,2007 Iemca Prodigy 551E Barloader S/N A0710091 - for 6' bars and 5-51mm bar capacity.
105,"SOUTH BEND, INDIANA",lot-105.jpg,2003 Iemca Genius 120 Barloader S/N 0200330B01 - 1-20mm bar capacity x 12' bars.
106,"SOUTH BEND, INDIANA",lot-106.jpg,"2006 Citizen Cincom M16 Type III, CNC Swiss Lathe, S/N P15308 - 16mm bar capacity, live tools on gang and turret, sub spindle, mist collector, CAV magazine bar loader."
107,"SOUTH BEND, INDIANA",lot-107.jpg,2008 CAV16M-IS Barloader S/N CAC1_773
108,"SOUTH BEND, INDIANA",lot-108.jpg,"2001 Citizen Cincom L20VII 5M7 CNC Swiss Lathe, S/N 011119 - Cincom Mits Windows control, live tools, sub spindle, 20mm bar capacity, mist collector. Parts Machine"
109,"SOUTH BEND, INDIANA",lot-109.jpg,"2001 LNS Super Hydrobar HYS-3.20 HS-4.8, 20mm bar cap and 12’ single feed hydrodynamic bar feed system"
110,"SOUTH BEND, INDIANA",lot-110.jpg,"2003 Citizen Cincom L20 Type VII (5M7) CNC Swiss Lathe, S/N 013343 - Cincom Windows Mits control, live tools, sub spindle, 20mm bar capacity, mist collector."
111,"SOUTH BEND, INDIANA",lot-111.jpg,"2001 Iemca Genius 112/37 Barloader, Bar Diameter Capacity (0.039"" - 0.50""), Maximum Bar Length (12.4 feet), S/N 0200102B04"
112,"SOUTH BEND, INDIANA",lot-112.jpg,"2018 Edge Technologies Patriot 338 Barloader S/N P2201819147 - used on a Citizen L32, for 6'-8' bars, 3mm to 38mm bar capacity."
113,"SOUTH BEND, INDIANA",lot-113.jpg,"2015 FMB Minimag 20 Barloader, Machine # 15-311381, R:1298705 - Used on a Citizen Swiss, 20mm bar capacity x 12'."
114,"SOUTH BEND, INDIANA",lot-114.jpg,"Bridgeport Series I, 2 HP, Knee Mill, with 6"" Vise"
115,"SOUTH BEND, INDIANA",lot-115.jpg,"Clausing Engine Lathe, 6 Jaw Chuck, Tailstock/Manual Turret, Tool Post"
116,"SOUTH BEND, INDIANA",lot-116.jpg,(2) WeldTec Inc Dual Sided Bar Stock Organizer Racks
118,"SOUTH BEND, INDIANA",lot-118.jpg,"2003 Citizen Cincom TP1000, Tool Presetter"
119,"SOUTH BEND, INDIANA",lot-119.png,"2025 CITIZEN CAV20-CAV20L2E Magazine Bar Loader - NEW - NEVER USED - In original crate from the factory. Will ONLY work for the L20E VIII, X, or XII (2M8, 2M10, 2M12) and will come with the standard channel set only for the 20mm capacity of the machine. Will ONLY WORK WITH CITIZEN Lathe as described above. BAR CAPACITY - 13' x 25mm. Please use this serial number to check with Citizen for compatibility. SN: CAV20-CAV20L2E C2E1237A - ENGINEERED EXCLUSIVELY FOR CINCOM CNC SWISS-TYPE LATHES, Equipped with: Automatic remnant retraction, Hydrostatic oil support, Roller support system"
120,"SOUTH BEND, INDIANA",lot-120.png,"2025 CITIZEN CAV20-CAV20L2E Magazine Bar Loader - NEW - NEVER USED - In original crate from the factory. Will ONLY work for the L20E VIII, X, or XII (2M8, 2M10, 2M12) and will come with the standard channel set only for the 20mm capacity of the machine. Will ONLY WORK WITH CITIZEN Lathe as described above. BAR CAPACITY - 13' x 25mm. Please use this serial number to check with Citizen for compatibility. SN: CAV20-CAV20L2E C2E1236A - ENGINEERED EXCLUSIVELY FOR CINCOM CNC SWISS-TYPE LATHES, Equipped with: Automatic remnant retraction, Hydrostatic oil support, Roller support system"
200,"WINTER SPRINGS, FLORIDA",lot-200.jpg,"2005 Citizen C16 VI CNC Swiss Style Turning Center, Max. Machining Diameter .625”, Max. Machining Length 7.87”, Spindle Speed 10,000rpm, Main Sindle HP 5HP, Main Spindle Indexing, Back Work: Max. Chucking Dia. .625”, Pick Off Motor 2.5HP, Turning Tools On Gang 6, Rotary Tools On Gang 3, Cincom Windows Mits Control, CAV16C-IS Magazine Barloader, High Pressure Coolant, Mist Con mist collector, long parts collection system, fire suppression system. (Photos of machine in plant before relocation to rigger's yard)"
201,"WINTER SPRINGS, FLORIDA",lot-201.jpg,"2005 Citizen C16 VI CNC Swiss Style Turning Center, Max. Machining Diameter .625”, Max. Machining Length 7.87”, Spindle Speed 10,000rpm, Main Sindle HP 5HP, Main Spindle Indexing, Back Work: Max. Chucking Dia. .625”, Pick Off Motor 2.5HP, Turning Tools On Gang 6, Rotary Tools On Gang 3, Cincom Mits Windows Control, CAV16C-IS Magazine Barloader, High Pressure Coolant, Mist Con mist collector, fire suppression system. (Photos of machine in plant before relocation to rigger's yard)"
202,"WINTER SPRINGS, FLORIDA",lot-202.jpg,"1999 Rollomatic CNC 600X Tool and Cutter Grinder, S/N 277, 8.9"" X-Travel, 6.9"" Y-Travel,  5.98"" Z-Travel, C-Axis 360 Degrees, A-Axis -15 degrees to 90 Degrees, B-Axis -110 Degrees to 40 Degrees, Grinding Capacity 0.2mm to 12.7mm"
203,"WINTER SPRINGS, FLORIDA",lot-203.jpg,"2013 Electrox Maxbox Plus Industrial Laser Marking System, S/N W60617, 110/240 Volts 1 Phase 50/60 Hz 1.5 kVA, Working Envelpe 500MM x 350MM x 250MM, Marking Envelope 100MM x 100M"
204,"WINTER SPRINGS, FLORIDA",lot-204.jpg,"2006 Mass Finishing Inc HZ-12 High-Energy Centrifugal Barrel Finishing Machine, S/N 25627H, Max Part Size: 8″ L x 4.5″ D, Max Barrel Dimensions: 8.375″ L x 5″ D"
205,"WINTER SPRINGS, FLORIDA",lot-205.jpg,Econoline Abrasive Blast Cabinet
206,"WINTER SPRINGS, FLORIDA",lot-206.jpg,"2000 LNS PB80 BAR Chamfering Machine S/N 00068, Turning Diameter 0.39″ to 2-1/2″, Turning Length 40″, Centering 1/2″ to 3-1/8″"
207,"WINTER SPRINGS, FLORIDA",lot-207.jpg,Electrox Scorpion Laser Engraver
208,"WINTER SPRINGS, FLORIDA",lot-208.jpg,"Danly Precision Die with ATS Safety Solutions Enclosure, Includes Pnuematic System Attachment and Metal Support Table"
209,"WINTER SPRINGS, FLORIDA",lot-209.jpg,"2003 DoAll C-16M Horizontal Band Saw, S/N 527-021678, 10.3/4"" Round Cutting Capacity, Material Pass Line Height 26"", 2HP"
210,"WINTER SPRINGS, FLORIDA",lot-210.jpg,"Citizen L20VII (5M7) CNC Swiss Lathe, S/N Q0851, 20mm Max Machining Diameter, 4 live tools, sub spindle. Recently taken out of service."
213,"WINTER SPRINGS, FLORIDA",lot-213.png,"Iemca Elite 112 Automatic Magazine Bar-Feeder, 0.028"" to 0.50"" Bar Capacity, 12' Bar Length Range"
214,"WINTER SPRINGS, FLORIDA",lot-214.png,"Iemca Elite 112 Automatic Magazine Bar-Feeder, 0.028"" to 0.50"" Bar Capacity, 12' Bar Length Range"
215,"WINTER SPRINGS, FLORIDA",lot-215.jpg,Magazine bar loader
216,"WINTER SPRINGS, FLORIDA",lot-216.jpg,Nilfisk S2 Vacuum Cleaner
217,"WINTER SPRINGS, FLORIDA",,"2021 EDGE PATRIOT 551 Magazine Bar Loader, Bar diameter capacity: 5mm to 54.5mm (0.196” to 2.145”), Bar Length 1000mm – 3800mm (39.4” – 12’5”), w/11mm, 32 mm, and 51 mm diameter pushers"
